"EM","MeanTemp","SDTemp","MeanSalinity","SDSalinity","n"
"EM4","18.313967","0.149401485565025","32.5582","0.0188391918985819","2"
"EM5","8.538994809","0.315684610162835","32.98455","0.0329106168441891","2"
"EM6","15.7525307333333","0.382298415604091","35.4935666666667","0.10720529417133","3"
