"EM","MeanTemp","SDTemp","MeanSalinity","SDSalinity","n"
"EM4","6.913534546","0.0716571697614681","32.607225","0.0298857304159652","4"
"EM5","8.0431152345","0.126356535447794","32.92325","0.0197584307141198","2"
"EM6","6.8079394528","0.0669467286028694","32.99228","0.035566347661352","5"
